2017-06-19 20:23:46,76.815,65,52,67,71,66,49
2017-06-19 20:25:46,76.602,65,52,68,70,66,49
2017-06-19 20:27:46,76.647,65,52,67,70,66,50
2017-06-19 20:29:46,76.775,66,52,67,71,66,50
2017-06-19 20:31:46,76.748,65,52,67,70,66,49
2017-06-19 20:33:47,76.736,65,52,67,71,66,49
2017-06-19 20:35:47,76.768,65,52,67,70,66,49
2017-06-19 20:37:47,76.723,65,52,67,70,66,49
2017-06-19 20:39:47,76.666,65,52,67,70,66,49
2017-06-19 20:41:48,76.753,65,52,67,70,66,50
2017-06-19 20:43:48,76.733,65,52,67,71,66,50
2017-06-19 20:45:48,76.681,66,52,67,70,66,50
2017-06-19 20:47:48,76.176,66,52,67,70,66,49
2017-06-19 20:49:48,76.647,65,52,67,70,66,49
2017-06-19 20:51:48,76.788,65,52,67,70,66,50
2017-06-19 20:53:49,68.994,65,52,67,70,66,50
2017-06-19 20:55:49,76.737,65,52,67,70,66,50
2017-06-19 20:57:49,76.216,65,52,67,70,66,49
2017-06-19 20:59:49,76.210,65,52,67,70,66,50
2017-06-19 21:01:49,76.464,65,52,67,70,66,50
2017-06-19 21:03:50,76.683,65,52,67,70,66,49
2017-06-19 21:05:50,76.701,65,52,67,70,66,50
2017-06-19 21:07:50,76.264,65,52,67,70,65,49
2017-06-19 21:09:50,76.731,65,52,67,70,66,49
2017-06-19 21:11:50,76.742,65,52,67,70,66,49
2017-06-19 21:13:50,76.757,65,52,67,70,66,49
2017-06-19 21:15:51,76.765,65,52,67,70,66,50
2017-06-19 21:17:51,75.455,65,52,67,70,66,49
2017-06-19 21:19:51,76.781,65,52,67,70,66,49
2017-06-19 21:21:51,76.725,65,52,67,70,66,49
2017-06-19 21:23:51,76.712,65,52,67,70,66,49
2017-06-19 21:25:52,76.659,65,52,67,70,65,49
2017-06-19 21:27:52,76.730,65,52,67,70,66,49
2017-06-19 21:29:52,74.957,65,52,67,70,65,49
2017-06-19 21:31:52,76.722,65,52,67,70,65,49
2017-06-19 21:33:52,76.245,65,52,67,70,66,49
2017-06-19 21:35:52,76.767,65,52,67,70,66,49
2017-06-19 21:37:53,76.752,65,52,67,70,65,49
2017-06-19 21:39:53,74.924,65,50,67,70,66,50
2017-06-19 21:41:53,76.523,66,50,67,70,66,49
2017-06-19 21:43:53,76.274,66,50,67,70,66,50
2017-06-19 21:45:53,76.748,66,50,67,70,66,49
2017-06-19 21:47:56,76.745,66,50,67,70,66,49
2017-06-19 21:49:56,74.990,66,50,67,70,66,49
2017-06-19 21:51:56,75.392,66,50,67,70,65,49
2017-06-19 21:53:57,76.734,66,50,67,70,66,47
2017-06-19 21:55:57,76.809,66,50,67,70,67,48
2017-06-19 21:57:57,76.661,66,50,67,70,67,47
2017-06-19 21:59:57,76.146,67,50,68,70,67,48
2017-06-19 22:01:57,75.285,67,50,69,70,68,48
2017-06-19 22:03:57,76.662,67,50,67,70,68,48
2017-06-19 22:05:58,76.048,67,50,68,70,68,48
2017-06-19 22:07:58,75.493,67,50,68,70,67,47
2017-06-19 22:09:58,68.120,66,50,68,72,68,48
2017-06-19 22:11:58,76.680,67,50,68,72,68,48
2017-06-19 22:13:58,75.475,68,55,68,72,68,48
2017-06-19 22:15:59,76.745,67,55,67,72,67,51
2017-06-19 22:17:59,76.741,66,55,67,72,67,50
2017-06-19 22:20:00,76.690,65,55,67,72,66,51
2017-06-19 22:22:01,76.676,65,55,67,72,66,51
2017-06-19 22:24:02,76.730,65,55,67,72,65,50
2017-06-19 22:26:02,76.635,65,55,67,72,66,51
2017-06-19 22:28:02,76.734,66,53,67,72,66,51
2017-06-19 22:30:03,76.701,66,53,67,72,66,51
2017-06-19 22:32:04,76.691,67,53,67,72,66,51
2017-06-19 22:34:04,68.938,65,53,67,72,66,51
2017-06-19 22:36:07,76.745,65,53,67,72,65,51
2017-06-19 22:38:07,76.704,65,52,67,72,65,50
2017-06-19 22:40:07,76.733,65,52,67,72,65,51
2017-06-19 22:42:08,76.733,65,52,67,72,65,50
2017-06-19 22:44:08,76.189,65,52,66,72,65,50
2017-06-19 22:46:08,76.638,65,52,66,72,65,50
2017-06-19 22:48:08,76.748,65,52,66,72,65,50
2017-06-19 22:50:08,76.719,65,50,66,72,65,49
2017-06-19 22:52:12,76.707,66,50,67,72,65,49
2017-06-19 22:54:13,75.476,66,50,67,72,66,49
2017-06-19 22:56:13,76.718,67,50,67,72,66,50
2017-06-19 22:58:14,76.708,68,50,67,72,66,49
2017-06-19 23:00:14,76.539,67,50,67,72,66,50
2017-06-19 23:02:14,76.397,67,50,68,70,68,43
2017-06-19 23:04:14,75.755,67,50,67,71,66,49
2017-06-19 23:06:14,76.406,67,50,67,71,66,49
2017-06-19 23:08:14,76.298,66,50,67,71,65,49
2017-06-19 23:10:15,76.403,66,50,67,71,65,49
2017-06-19 23:12:15,76.384,66,50,67,71,65,49
2017-06-19 23:14:15,76.304,67,50,67,71,66,49
2017-06-19 23:16:16,75.785,68,50,67,71,67,50
2017-06-19 23:18:16,76.396,68,53,67,71,67,50
2017-06-19 23:20:16,74.279,67,53,67,71,67,50
2017-06-19 23:22:16,75.849,67,53,67,71,67,50
2017-06-19 23:24:16,76.408,67,53,67,71,67,49
2017-06-19 23:26:16,76.411,67,53,67,71,67,50
2017-06-19 23:28:17,76.298,67,53,67,70,67,50
2017-06-19 23:30:17,76.366,68,53,67,70,67,50
2017-06-19 23:32:17,76.379,68,53,67,71,67,50
2017-06-19 23:34:17,76.370,68,53,67,71,67,50
2017-06-19 23:36:17,76.368,68,53,67,71,67,50
2017-06-19 23:38:17,75.808,68,53,67,70,68,50
2017-06-19 23:40:17,76.155,68,53,67,71,67,50
2017-06-19 23:42:18,76.415,68,53,67,71,68,50
2017-06-19 23:44:18,73.889,68,53,67,71,67,50
2017-06-19 23:46:18,76.336,67,53,67,71,67,49
2017-06-19 23:48:18,76.409,67,53,67,71,67,50
2017-06-19 23:50:18,76.268,67,53,66,70,67,50
2017-06-19 23:52:19,76.355,68,53,67,70,68,50
2017-06-19 23:54:19,76.399,68,53,67,70,67,50
2017-06-19 23:56:19,74.752,67,53,67,70,68,50
2017-06-19 23:58:19,76.385,67,53,67,70,68,50
2017-06-20 00:00:19,75.786,67,53,67,70,68,50
2017-06-20 00:02:19,76.278,66,53,67,70,68,50
2017-06-20 00:04:20,76.410,66,53,67,69,68,50
2017-06-20 00:06:20,76.375,66,53,67,70,68,50
2017-06-20 00:08:20,76.383,66,53,67,70,68,50
2017-06-20 00:10:20,76.225,66,53,67,70,68,50
2017-06-20 00:12:20,75.803,66,53,67,70,68,50
2017-06-20 00:14:20,75.786,67,53,67,70,68,50
2017-06-20 00:16:20,76.249,66,53,67,70,68,50
2017-06-20 00:18:21,75.704,67,53,67,70,68,50
2017-06-20 00:20:21,69.641,67,53,68,70,67,50
2017-06-20 00:22:21,76.158,67,53,68,70,67,50
2017-06-20 00:24:21,76.347,67,53,68,70,67,50
2017-06-20 00:26:21,76.430,67,53,68,70,67,50
2017-06-20 00:28:22,75.868,67,53,68,70,67,50
2017-06-20 00:30:22,76.400,67,53,67,70,67,50
2017-06-20 00:32:22,69.735,67,53,67,70,67,50
2017-06-20 00:34:22,68.615,66,53,67,70,68,50
2017-06-20 00:36:23,76.416,66,53,67,70,68,50
2017-06-20 00:38:23,76.437,67,53,67,70,68,50
2017-06-20 00:40:23,76.399,67,53,67,70,67,50
2017-06-20 00:42:23,76.372,67,53,67,70,67,50
2017-06-20 00:44:23,76.334,67,53,67,70,67,50
2017-06-20 00:46:23,76.392,67,53,67,70,67,50
2017-06-20 00:48:24,76.367,67,53,67,70,68,50
2017-06-20 00:50:24,75.812,67,53,67,70,68,50
2017-06-20 00:52:24,76.327,66,53,67,69,68,50
2017-06-20 00:54:24,76.382,66,53,67,69,68,50
2017-06-20 00:56:24,76.297,66,53,67,70,67,50
2017-06-20 00:58:25,76.350,67,53,67,69,68,50
2017-06-20 01:00:25,76.371,67,53,67,70,67,50
2017-06-20 01:02:25,76.315,66,53,67,70,68,50
2017-06-20 01:04:26,75.813,66,53,67,70,68,50
2017-06-20 01:06:26,74.953,66,53,67,70,68,50
2017-06-20 01:08:26,76.425,66,53,67,69,67,50
2017-06-20 01:10:26,76.396,66,53,67,69,67,50
2017-06-20 01:12:26,76.445,66,53,67,69,68,50
2017-06-20 01:14:26,76.408,67,53,67,70,67,50
2017-06-20 01:16:26,76.429,66,53,67,70,68,50
2017-06-20 01:18:27,76.371,66,53,67,70,67,50
2017-06-20 01:20:27,76.403,66,53,66,69,67,50
2017-06-20 01:22:27,75.762,66,53,67,70,67,50
2017-06-20 01:24:28,75.731,66,53,67,70,67,50
2017-06-20 01:26:29,76.390,66,53,67,70,67,50
2017-06-20 01:28:29,76.216,66,53,67,70,67,50
2017-06-20 01:30:29,76.416,67,53,67,70,67,50
2017-06-20 01:32:29,76.357,66,53,67,70,67,50
2017-06-20 01:34:29,76.410,66,53,67,70,67,50
2017-06-20 01:36:29,76.431,66,53,67,70,67,50
2017-06-20 01:38:30,76.377,66,53,67,70,67,50
2017-06-20 01:40:30,75.019,67,53,67,70,67,50
2017-06-20 01:42:30,76.105,67,53,67,70,67,50
2017-06-20 01:44:30,76.366,66,53,67,70,67,50
2017-06-20 01:46:30,76.343,66,53,67,70,68,50
2017-06-20 01:48:30,76.387,67,53,67,70,67,50
2017-06-20 01:50:31,76.418,66,53,67,70,67,50
2017-06-20 01:52:31,75.048,66,53,67,69,66,50
2017-06-20 01:54:31,76.333,66,53,67,70,66,50
2017-06-20 01:56:31,76.394,67,53,67,70,67,50
2017-06-20 01:58:31,76.358,67,53,67,70,67,50
2017-06-20 02:00:32,75.669,67,53,66,70,67,50
2017-06-20 02:02:32,75.743,66,53,66,70,67,50
2017-06-20 02:04:32,74.940,66,53,67,70,67,50
2017-06-20 02:06:32,76.406,66,53,67,70,67,50
2017-06-20 02:08:32,76.430,66,53,67,69,68,50
2017-06-20 02:10:32,76.340,65,53,66,69,67,50
2017-06-20 02:12:33,75.750,65,53,66,69,67,50
2017-06-20 02:14:33,75.822,65,53,66,69,67,50
2017-06-20 02:16:33,75.030,65,52,66,69,67,50
2017-06-20 02:18:33,76.389,65,53,66,69,67,50
2017-06-20 02:20:34,76.391,65,51,66,69,67,50
2017-06-20 02:22:34,76.393,65,51,66,69,67,50
2017-06-20 02:24:34,76.427,65,51,66,69,67,50
2017-06-20 02:26:35,76.361,65,52,65,69,67,50
2017-06-20 02:28:35,74.998,65,51,66,69,67,50
2017-06-20 02:30:35,75.778,65,51,66,69,67,50
2017-06-20 02:32:36,76.434,65,52,66,69,67,50
2017-06-20 02:34:36,75.773,65,52,66,69,67,50
2017-06-20 02:36:36,76.370,65,52,66,69,67,50
2017-06-20 02:38:37,76.432,66,52,66,69,67,50
2017-06-20 02:40:37,76.298,65,52,65,69,67,50
2017-06-20 02:42:37,76.340,65,52,66,70,67,50
2017-06-20 02:44:38,76.259,65,52,65,69,66,50
2017-06-20 02:46:38,76.418,65,52,65,69,66,50
2017-06-20 02:48:38,76.411,65,52,65,69,66,50
2017-06-20 02:50:38,75.792,65,50,65,69,65,50
2017-06-20 02:52:38,74.389,65,50,65,69,65,50
2017-06-20 02:54:39,76.412,66,50,65,69,66,50
2017-06-20 02:56:39,76.269,66,50,65,69,65,50
2017-06-20 02:58:39,76.168,66,49,65,69,66,50
2017-06-20 03:00:39,76.228,65,50,65,69,66,50
2017-06-20 03:02:39,76.250,66,50,65,69,65,50
2017-06-20 03:04:40,75.063,65,50,65,69,65,48
2017-06-20 03:06:40,75.812,69,37,65,69,66,48
2017-06-20 03:08:40,76.391,64,46,65,68,67,48
2017-06-20 03:10:40,76.390,69,45,65,69,66,48
2017-06-20 03:12:40,76.416,66,52,66,69,67,48
2017-06-20 03:14:40,76.299,65,50,65,68,67,48
2017-06-20 03:16:41,74.382,66,50,66,69,67,48
2017-06-20 03:18:41,76.283,66,50,66,69,66,48
2017-06-20 03:20:41,76.370,66,49,65,68,67,48
2017-06-20 03:22:41,76.401,66,50,66,68,66,48
2017-06-20 03:24:41,75.794,66,50,65,68,66,48
2017-06-20 03:26:41,76.386,66,50,65,68,67,48
2017-06-20 03:28:42,76.366,65,50,65,69,66,48
2017-06-20 03:30:42,76.353,66,50,66,69,67,48
2017-06-20 03:32:42,75.682,66,50,66,69,67,48
2017-06-20 03:34:42,76.361,66,50,66,69,67,48
2017-06-20 03:36:42,76.326,66,50,66,68,67,48
2017-06-20 03:38:43,76.412,66,50,66,68,67,48
2017-06-20 03:40:43,76.248,66,49,65,68,68,48
2017-06-20 03:42:43,76.398,66,49,65,68,68,48
2017-06-20 03:44:43,76.382,66,50,65,69,68,48
2017-06-20 03:46:43,75.829,66,50,66,69,67,48
2017-06-20 03:48:44,76.272,67,50,66,69,68,48
2017-06-20 03:50:44,76.242,67,50,67,69,68,48
2017-06-20 03:52:44,76.422,68,50,67,69,68,48
2017-06-20 03:54:44,74.421,67,50,66,69,68,48
2017-06-20 03:56:44,76.335,68,50,67,69,68,48
2017-06-20 03:58:44,76.385,68,50,67,69,68,48
2017-06-20 04:00:44,75.788,67,50,67,69,67,48
2017-06-20 04:02:45,75.751,68,50,67,69,68,48
2017-06-20 04:04:45,76.423,67,50,67,69,68,48
2017-06-20 04:06:45,76.321,67,50,67,69,68,48
2017-06-20 04:08:45,75.803,67,50,67,69,68,48
2017-06-20 04:10:45,76.461,67,50,67,69,68,48
2017-06-20 04:12:45,76.371,67,50,67,69,68,48
2017-06-20 04:14:46,76.345,68,50,67,69,68,47
2017-06-20 04:16:46,75.840,68,50,67,69,68,48
2017-06-20 04:18:46,76.397,68,50,67,69,68,48
2017-06-20 04:20:46,76.349,67,50,66,68,68,48
2017-06-20 04:22:46,76.396,67,50,66,69,68,48
2017-06-20 04:24:46,68.583,67,50,66,68,68,48
2017-06-20 04:26:46,76.234,66,49,66,68,68,48
2017-06-20 04:28:47,76.356,66,49,66,68,68,48
2017-06-20 04:30:47,76.126,66,49,65,68,68,48
2017-06-20 04:32:47,75.022,65,49,65,68,68,48
2017-06-20 04:34:47,76.415,65,49,65,68,67,48
2017-06-20 04:36:47,76.385,66,50,65,68,68,48
2017-06-20 04:38:47,75.684,66,50,65,69,67,48
2017-06-20 04:40:48,76.405,66,50,66,69,68,48
2017-06-20 04:42:48,76.380,66,50,66,68,67,48
2017-06-20 04:44:48,76.406,66,49,65,68,68,48
2017-06-20 04:46:48,76.276,65,49,65,68,68,48
2017-06-20 04:48:49,76.340,65,49,65,68,68,48
2017-06-20 04:50:49,76.406,65,50,65,68,68,48
2017-06-20 04:52:49,76.350,65,49,65,68,68,48
2017-06-20 04:54:49,75.789,65,49,65,68,68,48
2017-06-20 04:56:49,76.429,65,49,65,68,68,48
2017-06-20 04:58:54,76.349,66,46,65,67,67,48
2017-06-20 05:00:54,76.368,66,46,65,66,67,48
2017-06-20 05:02:55,75.807,66,46,65,66,67,48
2017-06-20 05:04:55,76.370,66,46,65,66,67,48
2017-06-20 05:06:55,75.733,66,46,65,66,67,48
2017-06-20 05:08:55,76.294,66,46,66,66,67,48
2017-06-20 05:10:56,76.409,66,46,65,66,67,48
2017-06-20 05:12:56,76.402,66,46,65,66,67,48
2017-06-20 05:14:57,76.394,66,46,65,66,67,48
2017-06-20 05:16:57,76.296,66,46,65,66,67,48
2017-06-20 05:18:57,76.393,66,46,65,66,67,48
2017-06-20 05:20:57,74.064,66,46,65,66,66,48
2017-06-20 05:22:57,76.348,66,46,65,66,67,48
2017-06-20 05:24:57,76.414,66,46,65,66,67,48
2017-06-20 05:26:58,76.403,66,46,65,66,67,48
2017-06-20 05:28:58,75.777,66,46,65,66,67,48
2017-06-20 05:30:58,76.357,67,46,65,66,67,48
2017-06-20 05:32:58,74.417,66,46,66,66,67,48
2017-06-20 05:34:58,74.391,67,46,66,66,67,48
2017-06-20 05:36:59,76.410,67,46,66,66,67,48
2017-06-20 05:38:59,75.840,67,46,65,66,67,48
2017-06-20 05:40:59,76.418,67,46,66,66,67,48
2017-06-20 05:42:59,76.424,66,46,66,66,67,48
2017-06-20 05:44:59,74.985,65,46,65,66,67,48
2017-06-20 05:46:59,76.366,66,46,65,66,67,48
2017-06-20 05:49:00,76.013,66,46,65,66,67,48
2017-06-20 05:51:00,75.664,66,46,65,65,67,48
2017-06-20 05:53:00,76.378,66,46,66,65,67,48
2017-06-20 05:55:00,76.389,66,46,66,65,67,48
2017-06-20 05:57:00,74.417,66,46,66,65,67,48
2017-06-20 05:59:01,76.426,66,46,66,65,67,48
2017-06-20 06:01:01,75.861,66,46,66,65,67,48
2017-06-20 06:03:01,75.919,66,46,66,65,67,48
2017-06-20 06:05:01,75.897,67,46,66,65,67,48
2017-06-20 06:07:02,76.296,67,46,66,65,68,48
2017-06-20 06:09:02,75.014,67,46,66,65,67,48
2017-06-20 06:11:02,76.425,67,46,67,65,68,48
2017-06-20 06:13:02,75.244,67,46,66,65,67,48
2017-06-20 06:15:03,76.292,67,46,67,65,67,48
2017-06-20 06:17:03,76.354,67,46,67,65,68,48
2017-06-20 06:19:03,76.442,67,46,66,65,68,48
2017-06-20 06:21:03,74.463,67,46,67,65,67,48
2017-06-20 06:23:03,76.360,68,46,67,65,68,48
2017-06-20 06:25:04,76.347,67,46,66,66,68,48
2017-06-20 06:27:04,76.388,67,46,65,65,68,48
2017-06-20 06:29:05,75.824,67,46,65,65,68,48
2017-06-20 06:31:05,76.353,67,46,65,65,68,48
2017-06-20 06:33:06,76.424,67,46,65,65,68,48
2017-06-20 06:35:06,75.143,67,46,65,65,68,48
2017-06-20 06:37:06,76.384,67,46,65,65,68,48
2017-06-20 06:39:06,76.387,67,46,65,65,68,48
2017-06-20 06:41:07,76.377,68,46,65,66,68,48
2017-06-20 06:43:07,74.973,68,46,66,66,68,48
2017-06-20 06:45:07,75.833,67,53,67,66,68,48
2017-06-20 06:47:07,76.373,67,53,68,66,68,53
2017-06-20 06:49:07,76.403,67,53,68,66,66,53
2017-06-20 06:51:08,68.044,66,53,68,66,67,53
2017-06-20 06:53:08,76.419,67,53,68,66,66,53
2017-06-20 06:55:08,76.424,66,52,68,68,66,53
2017-06-20 06:57:08,76.372,66,52,67,67,66,53
2017-06-20 06:59:08,76.403,66,52,67,67,67,53
2017-06-20 07:01:09,76.340,66,52,66,67,66,53
2017-06-20 07:03:09,76.432,65,52,66,67,66,53
2017-06-20 07:05:09,76.362,65,53,66,68,66,53
2017-06-20 07:07:10,76.324,66,53,67,68,66,53
2017-06-20 07:09:10,76.382,66,53,67,67,66,53
2017-06-20 07:11:10,76.414,66,53,67,67,66,53
2017-06-20 07:13:10,68.039,66,53,67,67,67,53
2017-06-20 07:15:11,76.406,66,53,67,67,66,53
2017-06-20 07:17:11,76.314,66,53,67,68,67,53
2017-06-20 07:19:11,75.022,67,53,67,67,67,53
2017-06-20 07:21:11,76.424,66,52,67,67,67,53
2017-06-20 07:23:12,76.385,66,52,67,67,67,53
2017-06-20 07:25:12,76.356,66,52,66,67,66,53
2017-06-20 07:27:12,76.405,66,53,66,67,66,53
2017-06-20 07:29:12,75.801,66,52,67,67,67,53
2017-06-20 07:31:12,76.410,66,53,67,67,66,53
2017-06-20 07:33:13,76.226,66,52,67,67,66,53
2017-06-20 07:35:13,76.413,66,53,67,67,66,53
2017-06-20 07:37:13,76.453,67,53,68,67,67,53
2017-06-20 07:39:13,76.411,67,52,68,67,67,53
2017-06-20 07:41:13,74.982,67,53,68,74,67,53
2017-06-20 07:43:14,76.460,66,53,67,74,68,53
2017-06-20 07:45:14,75.827,66,53,66,74,68,53
2017-06-20 07:47:14,76.357,66,52,65,74,66,53
2017-06-20 07:49:14,76.327,66,52,66,74,67,53
2017-06-20 07:51:14,75.783,66,52,66,74,68,53
2017-06-20 07:53:15,76.315,66,53,67,74,68,53
2017-06-20 07:55:15,76.353,67,53,67,74,67,53
2017-06-20 07:57:15,75.683,67,53,67,74,67,53
2017-06-20 07:59:15,76.375,67,53,67,74,67,53
2017-06-20 08:01:16,75.814,68,53,67,74,68,53
2017-06-20 08:03:16,74.602,67,53,67,74,67,53
2017-06-20 08:05:16,74.587,58,54,62,61,59,65
2017-06-20 08:07:16,76.440,63,78,65,94,65,66
2017-06-20 08:09:16,75.710,63,54,63,94,62,66
2017-06-20 08:11:17,75.841,65,54,63,93,62,63
2017-06-20 08:13:17,76.459,65,54,63,93,62,63
2017-06-20 08:15:17,75.756,65,54,63,93,62,63
2017-06-20 08:17:17,76.394,65,54,63,93,62,62
2017-06-20 08:19:17,73.804,65,54,63,93,62,61
2017-06-20 08:21:18,75.783,65,54,63,93,62,58
2017-06-20 08:23:18,76.432,65,54,63,93,62,59
2017-06-20 08:25:18,76.341,65,54,63,94,62,58
2017-06-20 08:27:27,76.505,65,54,63,93,62,59
2017-06-20 08:29:27,76.470,65,54,63,93,62,58
2017-06-20 08:31:28,76.207,65,57,64,93,63,59
2017-06-20 08:33:28,76.425,65,57,64,93,63,59
2017-06-20 08:35:28,76.380,65,57,64,93,63,59
2017-06-20 08:37:29,75.087,65,57,64,93,64,59
2017-06-20 08:39:29,76.365,65,57,64,93,64,58
2017-06-20 08:41:29,76.439,65,57,64,94,63,58
2017-06-20 08:43:30,76.440,65,57,64,93,64,58
2017-06-20 08:45:30,76.432,64,57,63,93,63,58
2017-06-20 08:47:30,76.439,64,57,64,93,63,58
2017-06-20 08:49:30,76.418,64,57,64,94,64,59
2017-06-20 08:51:30,76.454,65,57,64,93,64,59
2017-06-20 08:53:30,76.386,64,57,63,93,63,59
2017-06-20 08:55:31,76.420,64,57,63,93,63,59
2017-06-20 08:57:31,75.864,64,57,64,93,63,59
2017-06-20 08:59:31,75.056,65,57,64,93,64,58
2017-06-20 09:01:31,76.285,65,57,64,93,64,59
2017-06-20 09:03:31,75.881,65,57,64,93,64,59
2017-06-20 09:05:32,75.463,65,57,64,93,64,59
2017-06-20 09:07:32,76.371,65,57,65,94,64,58
2017-06-20 09:09:32,75.005,65,57,64,93,64,59
2017-06-20 09:11:32,76.443,64,57,64,93,63,58
2017-06-20 09:13:32,76.393,64,57,63,93,63,59
2017-06-20 09:15:33,76.418,64,57,63,94,63,59
2017-06-20 09:17:33,76.433,63,57,63,93,63,59
2017-06-20 09:19:33,75.218,63,57,63,93,63,59
2017-06-20 09:21:34,74.974,63,57,63,93,62,59
2017-06-20 09:23:34,76.477,63,57,63,93,63,59
2017-06-20 09:25:35,76.423,63,57,63,93,63,59
2017-06-20 09:27:35,76.400,63,57,63,93,62,58
2017-06-20 09:29:35,76.477,63,57,63,93,63,59
2017-06-20 09:31:36,76.397,63,57,64,93,63,59
2017-06-20 09:33:36,75.748,64,57,64,93,63,59
2017-06-20 09:35:36,75.185,64,57,64,93,63,59
2017-06-20 09:37:37,76.412,63,57,64,93,63,59
2017-06-20 09:39:37,76.369,64,57,63,93,63,58
2017-06-20 09:41:37,75.796,63,57,63,93,63,58
2017-06-20 09:43:38,73.732,56,65,61,63,60,71
2017-06-20 09:45:38,71.581,65,72,67,85,66,69
2017-06-20 09:47:39,73.218,67,42,64,87,66,42
2017-06-20 09:49:39,75.240,63,58,64,87,65,56
2017-06-20 09:51:39,76.255,67,49,65,86,64,55
2017-06-20 09:53:40,76.355,66,57,66,86,65,55
2017-06-20 09:55:40,76.323,65,57,66,87,65,55
2017-06-20 09:57:40,75.031,64,57,65,86,64,54
2017-06-20 09:59:40,76.436,64,55,64,87,64,52
2017-06-20 10:01:40,76.442,65,55,65,87,66,52
2017-06-20 10:03:40,76.066,65,55,65,87,66,52
2017-06-20 10:05:41,75.192,65,55,65,86,66,52
2017-06-20 10:07:41,76.413,64,55,65,86,65,52
2017-06-20 10:09:41,76.417,65,55,65,87,66,51
2017-06-20 10:11:41,75.216,64,55,65,87,65,52
2017-06-20 10:13:41,76.093,64,55,65,87,65,52
2017-06-20 10:15:42,76.418,65,55,65,87,65,52
2017-06-20 10:17:42,76.410,64,55,65,87,65,52
2017-06-20 10:19:42,75.098,65,55,65,86,65,52
2017-06-20 10:21:42,76.424,65,55,65,87,66,52
2017-06-20 10:23:42,76.442,64,55,65,87,65,52
2017-06-20 10:25:42,76.411,65,55,65,87,66,52
2017-06-20 10:27:43,75.764,65,55,65,86,66,52
2017-06-20 10:29:43,76.413,65,55,65,87,66,52
2017-06-20 10:31:43,76.443,65,55,66,87,66,52
2017-06-20 10:33:43,74.435,64,55,65,87,65,51
2017-06-20 10:35:43,76.338,64,55,64,87,65,52
2017-06-20 10:37:44,76.366,64,55,65,87,65,52
2017-06-20 10:39:44,76.348,64,55,64,87,65,52
2017-06-20 10:41:44,76.381,64,55,64,87,65,52
2017-06-20 10:43:44,75.838,65,55,65,86,66,52
2017-06-20 10:45:44,76.385,66,55,66,87,66,52
2017-06-20 10:47:45,76.318,66,55,66,87,67,52
2017-06-20 10:49:45,75.806,65,55,65,87,66,51
2017-06-20 10:51:45,76.456,67,55,67,86,67,52
2017-06-20 10:53:45,76.426,65,55,66,87,65,54
2017-06-20 10:55:46,74.915,65,55,66,87,65,55
2017-06-20 10:57:46,76.358,65,55,65,87,64,55
2017-06-20 10:59:46,75.144,64,55,64,87,64,53
2017-06-20 11:01:46,75.798,64,55,65,87,65,53
2017-06-20 11:03:46,76.385,64,55,64,87,64,53
2017-06-20 11:05:46,75.784,64,55,65,86,65,53
2017-06-20 11:07:47,76.185,64,55,65,87,65,53
2017-06-20 11:09:47,74.984,64,55,65,86,65,53
2017-06-20 11:11:47,74.990,64,55,65,87,65,53
2017-06-20 11:13:55,76.218,66,55,66,87,67,53
2017-06-20 11:15:55,76.376,67,55,67,87,67,53
2017-06-20 11:17:55,76.454,67,58,67,87,67,56
2017-06-20 11:19:56,76.420,65,58,66,86,65,56
2017-06-20 11:21:56,76.341,65,58,66,86,65,56
2017-06-20 11:23:56,76.409,66,58,67,86,66,56
2017-06-20 11:25:56,76.376,65,58,66,87,65,56
2017-06-20 11:27:56,76.288,64,58,66,87,65,56
2017-06-20 11:29:56,76.407,66,58,67,86,66,56
2017-06-20 11:31:57,75.779,65,58,66,87,65,56
2017-06-20 11:33:57,74.978,65,58,66,87,65,56
2017-06-20 11:35:57,76.405,66,58,67,86,66,56
2017-06-20 11:37:57,76.338,66,58,67,87,66,56
2017-06-20 11:39:57,76.394,65,58,66,86,65,56
2017-06-20 11:41:58,76.368,65,58,67,87,66,56
2017-06-20 11:43:58,74.411,65,58,66,87,65,55
2017-06-20 11:45:58,74.687,65,58,66,87,65,56
2017-06-20 11:47:58,76.429,65,58,67,87,66,56
2017-06-20 11:49:58,76.443,65,58,67,87,66,56
2017-06-20 11:51:59,76.433,65,58,67,87,65,56
2017-06-20 11:53:59,76.394,66,58,67,86,66,56
2017-06-20 11:55:59,76.482,65,58,66,86,65,56
2017-06-20 11:57:59,74.442,64,58,65,87,64,55
2017-06-20 12:00:30,73.976,57,73,61,65,59,72
2017-06-20 12:02:31,73.760,66,72,69,85,66,68
2017-06-20 12:04:31,76.436,69,45,65,85,68,40
2017-06-20 12:06:31,76.383,65,61,66,85,66,57
2017-06-20 12:08:31,76.340,65,57,67,85,65,57
2017-06-20 12:10:31,76.464,66,57,67,85,65,57
2017-06-20 12:12:32,75.738,66,57,67,85,66,57
2017-06-20 12:14:32,76.483,67,57,67,85,66,57
2017-06-20 12:16:32,76.415,67,57,68,85,66,57
2017-06-20 12:18:32,75.162,66,57,67,86,65,56
2017-06-20 12:20:32,76.405,65,57,66,85,66,53
2017-06-20 12:22:32,76.414,65,57,67,85,66,52
2017-06-20 12:24:33,76.531,65,57,66,86,66,52
2017-06-20 12:26:33,75.735,66,57,67,85,68,53
2017-06-20 12:28:33,74.998,65,57,67,85,66,53
2017-06-20 12:30:33,76.437,66,57,67,85,67,53
2017-06-20 12:32:33,76.375,65,57,67,85,66,53
2017-06-20 12:34:33,75.852,65,57,67,85,67,53
2017-06-20 12:36:34,76.412,65,57,66,86,66,52
2017-06-20 12:38:34,74.922,66,54,66,85,66,53
2017-06-20 12:40:34,75.746,66,54,67,85,66,53
2017-06-20 12:42:34,76.413,67,54,67,85,67,53
2017-06-20 12:44:34,76.405,66,54,66,86,66,52
2017-06-20 12:46:35,75.792,66,54,66,85,66,53
2017-06-20 12:48:35,76.353,65,54,66,85,65,53
2017-06-20 12:50:35,75.817,67,54,67,85,66,53
2017-06-20 12:52:36,76.415,68,54,68,85,67,53
2017-06-20 12:54:36,76.440,67,54,67,85,67,53
2017-06-20 12:56:36,75.611,66,54,66,85,65,52
2017-06-20 12:58:36,76.253,66,54,66,85,66,53
2017-06-20 13:00:36,76.380,66,54,66,86,66,53
2017-06-20 13:02:37,75.814,65,54,66,85,66,53
2017-06-20 13:04:38,76.435,66,54,66,85,66,53
2017-06-20 13:06:38,75.709,67,54,67,85,67,53
2017-06-20 13:08:38,76.219,68,54,68,85,68,53
2017-06-20 13:10:38,76.369,68,54,68,85,67,53
2017-06-20 13:12:38,76.438,67,54,67,85,66,53
2017-06-20 13:14:39,76.317,67,54,67,85,67,53
2017-06-20 13:16:39,76.319,67,54,67,85,66,53
2017-06-20 13:18:39,76.423,66,54,67,85,66,53
2017-06-20 13:20:40,76.201,66,54,66,86,66,53
2017-06-20 13:22:40,76.303,66,54,66,85,66,53
2017-06-20 13:24:40,76.357,66,54,66,86,65,52
2017-06-20 13:26:40,76.420,65,54,65,85,66,52
2017-06-20 13:28:40,76.443,66,54,66,86,66,52
2017-06-20 13:30:41,76.410,66,54,66,85,67,52
2017-06-20 13:32:41,76.393,67,54,67,85,67,52
2017-06-20 13:34:41,68.676,68,54,67,85,68,52
2017-06-20 13:36:41,76.369,67,54,67,86,67,52
2017-06-20 13:38:41,76.332,66,54,66,85,66,52
2017-06-20 13:40:42,76.387,67,54,67,85,67,52
2017-06-20 13:42:42,76.403,68,54,68,85,67,52
2017-06-20 13:44:42,76.271,68,54,68,86,68,51
2017-06-20 13:46:42,76.443,67,54,67,85,67,52
2017-06-20 13:48:42,76.458,68,54,68,85,68,52
2017-06-20 13:50:43,74.421,68,54,68,85,68,57
2017-06-20 13:52:43,76.417,68,54,67,85,66,57
2017-06-20 13:54:43,75.624,68,54,68,85,66,56
2017-06-20 13:56:43,76.417,67,54,67,86,65,57
2017-06-20 13:58:43,75.806,67,54,67,85,65,56
2017-06-20 14:00:44,76.382,68,54,68,85,66,57
2017-06-20 14:02:44,76.432,67,57,68,85,66,57
2017-06-20 14:04:44,76.410,65,57,67,85,65,57
2017-06-20 14:06:44,76.443,66,57,67,86,65,57
2017-06-20 14:08:45,76.357,66,57,67,85,65,57
2017-06-20 14:10:45,76.427,66,57,67,85,65,57
2017-06-20 14:12:45,76.344,67,57,68,85,66,57
2017-06-20 14:14:45,75.814,66,57,67,86,65,57
2017-06-20 14:16:45,76.433,65,57,67,85,65,57
2017-06-20 14:18:46,76.398,65,57,67,85,65,57
2017-06-20 14:20:46,76.261,67,57,68,85,66,57
2017-06-20 14:22:46,76.402,66,57,68,85,66,57
2017-06-20 14:24:46,74.373,66,57,67,85,65,57
2017-06-20 14:26:47,76.413,67,57,68,85,66,57
2017-06-20 14:28:47,76.425,67,57,68,85,66,56
2017-06-20 14:30:47,76.395,66,57,67,86,65,56
2017-06-20 14:32:47,75.835,65,57,66,85,65,57
2017-06-20 14:34:47,75.023,65,57,66,85,65,53
2017-06-20 14:36:48,76.436,66,57,67,86,67,53
2017-06-20 14:38:48,76.403,65,57,67,85,66,53
2017-06-20 14:40:48,75.798,66,57,67,85,67,53
2017-06-20 14:42:48,76.170,67,57,68,86,67,53
2017-06-20 14:44:48,76.428,65,57,66,86,66,52
2017-06-20 14:46:49,69.800,65,57,66,86,66,53
2017-06-20 14:48:49,75.803,65,55,66,86,66,53
2017-06-20 14:50:49,76.420,65,55,66,86,66,53
2017-06-20 14:52:49,76.455,66,55,67,85,66,52
2017-06-20 14:54:49,76.429,66,55,67,86,67,53
2017-06-20 14:56:49,76.416,67,55,67,85,67,53
2017-06-20 14:58:50,76.321,68,55,68,86,67,53
2017-06-20 15:00:50,76.387,68,61,68,94,68,53
2017-06-20 15:02:50,76.393,67,61,67,94,68,56
2017-06-20 15:04:50,75.740,66,61,67,94,68,56
2017-06-20 15:06:51,76.424,65,61,66,94,66,55
2017-06-20 15:08:51,76.445,67,53,66,94,65,56
2017-06-20 15:10:51,76.397,69,55,67,94,67,56
2017-06-20 15:12:51,76.418,67,58,67,94,67,56
2017-06-20 15:14:51,76.446,67,58,67,94,67,56
2017-06-20 15:16:52,76.216,66,58,66,94,67,55
2017-06-20 15:18:52,76.425,66,58,66,94,66,56
2017-06-20 15:20:52,75.891,66,58,66,94,67,56
2017-06-20 15:22:52,76.380,66,58,67,94,66,56
2017-06-20 15:24:52,76.307,65,58,66,94,66,56
2017-06-20 15:26:52,68.716,66,58,66,94,66,56
2017-06-20 15:28:53,75.830,67,58,67,94,66,56
2017-06-20 15:30:53,76.345,67,58,67,94,66,56
2017-06-20 15:32:53,76.095,65,58,66,94,65,55
2017-06-20 15:34:53,76.434,65,58,66,94,66,55
2017-06-20 15:36:54,76.454,65,57,66,94,66,55
2017-06-20 15:38:54,76.362,66,57,66,94,67,55
2017-06-20 15:40:54,76.303,66,57,66,94,66,54
2017-06-20 15:42:54,75.833,67,57,66,94,67,55
2017-06-20 15:44:54,75.768,67,57,67,94,67,55
2017-06-20 15:46:55,76.218,66,57,66,94,66,55
2017-06-20 15:48:55,68.696,65,57,65,94,65,54
2017-06-20 15:50:55,76.500,66,57,66,94,67,55
2017-06-20 15:52:55,76.021,65,57,66,94,66,55
2017-06-20 15:54:56,76.156,65,57,65,94,65,54
2017-06-20 15:56:56,76.372,65,57,65,93,65,55
2017-06-20 15:58:56,76.366,65,57,65,94,66,54
2017-06-20 16:00:56,75.799,65,57,65,94,65,55
2017-06-20 16:02:57,76.349,65,57,65,94,65,55
2017-06-20 16:04:57,74.355,65,57,65,94,66,55
2017-06-20 16:06:57,76.299,65,57,65,94,66,54
2017-06-20 16:08:57,76.248,65,57,65,94,65,55
2017-06-20 16:10:57,68.687,65,57,66,94,66,55
2017-06-20 16:12:57,76.216,65,56,65,94,66,54
2017-06-20 16:14:58,76.237,65,57,65,94,66,54
2017-06-20 16:16:58,75.025,65,57,65,94,66,55
2017-06-20 16:18:58,76.381,65,57,65,94,66,55
2017-06-20 16:20:58,76.420,65,57,66,94,66,55
2017-06-20 16:22:58,76.407,65,57,65,94,66,55
2017-06-20 16:24:59,76.438,65,57,65,94,66,54
2017-06-20 16:26:59,76.323,65,57,65,94,66,55
2017-06-20 16:28:59,74.252,66,57,66,93,66,55
2017-06-20 16:30:59,76.405,66,57,66,94,66,55
2017-06-20 16:32:59,76.256,65,57,66,94,66,55
2017-06-20 16:35:00,75.839,65,57,65,94,66,54
2017-06-20 16:37:00,75.834,65,57,66,94,66,55
2017-06-20 16:39:00,68.676,65,57,66,94,66,55
2017-06-20 16:41:00,76.409,66,57,66,94,67,55
2017-06-20 16:43:00,74.975,66,57,66,94,66,55
2017-06-20 16:45:00,76.423,67,57,67,93,67,55
2017-06-20 16:47:01,75.827,67,57,67,94,67,55
2017-06-20 16:49:01,75.741,67,57,67,94,67,55
2017-06-20 16:51:01,76.399,68,57,67,94,67,55
2017-06-20 16:53:01,75.838,66,57,66,94,67,54
2017-06-20 16:55:01,74.389,65,57,66,94,66,55
2017-06-20 16:57:02,76.405,66,57,66,94,66,55
2017-06-20 16:59:02,75.833,66,57,66,94,67,55
2017-06-20 17:01:02,76.405,66,57,66,94,67,55
2017-06-20 17:03:02,76.338,66,57,66,94,67,55
2017-06-20 17:05:02,76.425,66,57,66,94,67,55
2017-06-20 17:07:03,76.463,66,57,66,94,66,55
2017-06-20 17:09:03,76.268,66,57,66,94,66,55
2017-06-20 17:11:03,76.438,67,57,67,94,67,55
2017-06-20 17:13:03,76.401,66,54,64,91,67,54
2017-06-20 17:15:03,76.264,65,51,65,60,68,55
2017-06-20 17:17:04,74.312,65,52,67,59,68,53
2017-06-20 17:19:04,76.384,65,51,67,59,68,54
2017-06-20 17:21:04,76.475,67,45,66,60,68,54
2017-06-20 17:23:04,76.418,64,58,67,61,68,53
2017-06-20 17:25:05,76.453,65,51,66,60,68,54
2017-06-20 17:27:05,75.815,66,49,66,60,67,54
2017-06-20 17:29:05,75.781,65,49,66,61,67,54
2017-06-20 17:31:05,76.444,66,50,66,60,68,54
2017-06-20 17:33:06,76.420,66,49,66,61,67,54
2017-06-20 17:35:06,76.303,66,50,66,61,67,53
2017-06-20 17:37:06,76.383,67,48,66,61,68,55
2017-06-20 17:39:07,74.828,65,50,66,61,67,54
2017-06-20 17:41:07,75.000,65,47,66,61,67,55
2017-06-20 17:43:07,76.302,65,48,66,61,67,55
2017-06-20 17:45:07,76.379,66,49,66,60,67,53
2017-06-20 17:47:07,76.406,66,48,66,60,68,55
2017-06-20 17:49:07,75.785,66,48,66,60,67,55
2017-06-20 17:51:08,76.410,66,48,66,61,67,55
2017-06-20 17:53:08,75.009,66,49,66,60,67,54
2017-06-20 17:55:08,76.397,66,50,66,60,67,54
2017-06-20 17:57:08,76.422,66,49,66,60,67,54
2017-06-20 17:59:08,76.447,66,49,66,60,68,54
2017-06-20 18:01:08,76.432,67,49,66,60,68,54
2017-06-20 18:03:09,76.280,66,49,66,60,68,54
2017-06-20 18:05:09,75.346,66,50,66,60,67,54
2017-06-20 18:07:09,76.450,66,49,66,60,67,54
2017-06-20 18:09:09,76.382,67,48,66,61,68,54
2017-06-20 18:11:09,75.841,67,48,68,50,68,53
2017-06-20 18:13:10,75.744,68,49,66,64,68,55
2017-06-20 18:15:10,74.952,66,50,65,64,67,56
2017-06-20 18:17:10,76.462,66,49,65,64,67,56
2017-06-20 18:19:10,75.860,66,49,65,64,67,55
2017-06-20 18:21:10,76.373,66,48,66,64,67,57
2017-06-20 18:23:11,76.429,66,47,66,64,67,57
2017-06-20 18:25:11,76.436,66,50,66,64,67,56
2017-06-20 18:27:11,75.073,66,49,65,64,67,56
2017-06-20 18:29:11,76.452,65,50,65,64,67,56
2017-06-20 18:31:11,75.802,65,51,66,64,67,56
2017-06-20 18:33:12,76.414,67,48,66,64,67,56
2017-06-20 18:35:12,76.389,67,48,66,64,67,56
2017-06-20 18:37:12,76.366,66,50,66,63,67,56
2017-06-20 18:39:12,76.381,67,50,66,63,67,56
2017-06-20 18:41:12,75.027,66,49,66,64,67,55
2017-06-20 18:43:12,76.390,66,49,65,64,67,56
2017-06-20 18:45:12,76.409,67,48,65,64,67,56
2017-06-20 18:47:13,75.845,67,48,65,64,67,56
2017-06-20 18:49:13,76.396,68,48,65,64,67,56
2017-06-20 18:51:13,76.440,67,52,68,65,66,57
2017-06-20 18:53:14,76.421,67,52,68,82,66,57
2017-06-20 18:54:45,76.468,68,52,68,81,65,57
2017-06-20 18:55:36,75.799,68,52,68,81,65,57
2017-06-20 18:55:54,75.753,68,52,68,82,66,57
2017-06-20 18:56:21,76.275,68,52,68,81,65,57
2017-06-20 19:57:22,76.321,68,54,68,87,66,56
2017-06-20 19:59:12,75.906,67,54,67,87,66,56
2017-06-20 19:59:20,76.416,67,54,67,87,66,56
2017-06-20 21:38:48,76.033,57,25,62,40,61,56
2017-06-20 21:45:42,76.445,65,66,66,87,65,63
2017-06-20 21:47:43,76.355,66,58,65,87,66,56
2017-06-20 21:49:43,76.408,67,58,65,87,67,56
2017-06-20 21:51:44,72.419,67,58,66,87,66,56
2017-06-20 21:53:44,76.400,67,58,65,87,67,56
2017-06-20 21:55:44,74.855,67,58,65,87,67,56
2017-06-20 21:57:44,75.839,67,58,65,87,67,56
2017-06-20 21:59:45,75.800,67,58,65,87,67,56
2017-06-20 22:01:45,76.441,67,58,65,87,67,56
2017-06-20 22:03:45,76.392,67,58,66,87,66,56
2017-06-20 22:05:45,76.276,67,58,66,87,67,56
2017-06-20 22:07:45,76.420,67,58,66,87,66,56
2017-06-20 22:09:46,76.365,66,58,66,87,66,56
2017-06-20 22:11:46,76.384,66,58,66,87,66,56
2017-06-20 22:13:46,75.808,67,58,65,87,66,56
2017-06-20 22:15:46,76.393,67,58,65,87,67,56
2017-06-20 22:17:47,75.060,67,58,66,87,66,56
2017-06-20 22:19:47,76.342,66,58,65,87,66,56
2017-06-20 22:21:52,76.269,67,58,66,87,66,56
2017-06-20 22:23:52,75.291,66,58,65,87,66,56
2017-06-20 22:25:53,76.414,67,58,65,87,66,56
2017-06-20 22:27:53,74.988,67,58,65,87,66,56
2017-06-20 22:29:53,76.472,67,58,65,87,66,56
2017-06-20 22:31:53,76.412,67,58,65,87,66,56
2017-06-20 22:33:54,76.286,66,52,63,78,66,56
2017-06-20 22:35:55,76.335,65,44,68,42,65,56
2017-06-20 22:37:55,76.305,66,44,66,54,65,56
2017-06-20 22:39:56,75.041,66,45,66,54,65,52
2017-06-20 22:41:56,75.021,66,44,65,54,65,52
2017-06-20 22:43:56,76.377,67,44,65,54,66,52
2017-06-20 22:45:56,76.495,66,44,65,53,66,51
2017-06-20 22:47:56,76.437,67,45,65,53,66,51
2017-06-20 22:49:57,75.815,67,44,65,53,66,51
2017-06-20 22:51:57,76.339,66,45,65,53,66,52
2017-06-20 22:53:57,76.357,66,44,65,53,66,52
2017-06-20 22:55:58,75.820,66,44,65,53,66,52
2017-06-20 22:57:58,76.428,66,45,65,53,66,52
2017-06-20 22:59:58,76.385,66,44,65,53,66,52
2017-06-20 23:01:59,76.419,66,44,65,53,66,52
2017-06-20 23:03:59,76.372,66,44,65,53,66,52
2017-06-20 23:06:00,76.418,66,45,65,53,66,51
2017-06-20 23:08:00,76.060,66,44,64,53,66,51
2017-06-20 23:10:00,76.428,66,44,66,50,66,52
2017-06-20 23:12:01,76.383,66,45,66,49,66,51
2017-06-20 23:14:01,76.380,66,44,66,49,66,52
2017-06-20 23:16:01,75.056,66,44,66,49,66,52
2017-06-20 23:18:01,75.830,66,45,67,49,66,51
2017-06-20 23:20:01,76.415,66,44,66,49,66,51
2017-06-20 23:22:02,76.399,66,44,66,49,66,52
2017-06-20 23:24:02,76.437,66,44,67,49,66,51
2017-06-20 23:26:02,76.382,66,44,66,49,66,52
2017-06-20 23:28:02,74.369,66,45,66,49,66,51
2017-06-20 23:30:02,76.441,66,45,66,49,66,51
2017-06-20 23:32:02,76.448,66,45,66,49,66,51
2017-06-20 23:34:03,75.798,66,44,65,49,66,51
2017-06-20 23:36:03,76.215,66,44,65,49,66,51
2017-06-20 23:38:03,75.026,66,45,66,49,65,51
2017-06-20 23:40:04,76.390,66,45,66,49,65,51
2017-06-20 23:42:04,76.425,66,45,65,49,65,51
2017-06-20 23:44:04,76.397,66,45,66,49,66,52
2017-06-20 23:46:05,76.417,66,44,66,49,65,52
2017-06-20 23:48:05,76.404,66,44,66,49,66,52
2017-06-20 23:50:05,76.432,65,44,67,48,66,52
2017-06-20 23:52:06,76.121,65,43,67,48,66,52
2017-06-20 23:54:06,76.367,65,44,67,49,66,52
2017-06-20 23:56:06,76.444,65,44,67,49,66,52
2017-06-20 23:58:07,76.426,65,44,67,49,66,52
2017-06-21 00:00:07,73.771,65,44,67,49,66,52
2017-06-21 00:02:07,76.403,66,44,67,49,66,52
2017-06-21 00:04:07,76.198,66,45,66,49,66,51
2017-06-21 00:06:07,76.467,66,44,66,49,66,51
2017-06-21 00:08:08,76.431,66,44,67,49,66,51
2017-06-21 00:10:08,76.437,66,45,66,49,65,52
2017-06-21 00:12:08,76.402,66,44,66,49,66,51
2017-06-21 00:14:09,76.384,66,45,66,49,65,51
2017-06-21 00:16:09,75.583,66,44,65,49,65,51
2017-06-21 00:18:09,76.358,66,45,65,49,66,51
2017-06-21 00:20:10,76.430,66,45,65,48,66,51
2017-06-21 00:22:10,75.051,65,44,66,46,65,51
2017-06-21 00:24:10,76.436,65,45,66,47,65,51
2017-06-21 00:26:10,76.407,65,44,66,47,65,52
2017-06-21 00:28:10,76.244,65,44,66,47,65,51
2017-06-21 00:30:11,76.394,65,44,66,47,65,51
2017-06-21 00:32:11,75.215,65,45,66,46,65,51
2017-06-21 00:34:11,74.980,65,44,66,46,65,51
2017-06-21 00:36:11,76.460,65,44,66,47,65,52
2017-06-21 00:38:13,76.419,65,44,66,46,65,51
2017-06-21 00:40:13,76.382,65,45,65,46,65,51
2017-06-21 00:42:13,75.825,65,45,66,47,65,51
2017-06-21 00:44:14,75.003,65,45,65,46,65,51
2017-06-21 00:46:14,76.388,65,45,65,46,65,51
2017-06-21 00:48:14,75.801,65,45,65,46,65,51
2017-06-21 00:50:14,76.396,65,45,65,45,65,51
2017-06-21 00:52:14,76.324,66,41,65,44,65,51
2017-06-21 00:54:14,76.427,67,40,66,44,65,51
2017-06-21 00:56:16,76.434,68,40,66,44,65,51
2017-06-21 00:58:16,76.411,68,40,65,44,65,50
2017-06-21 01:00:16,76.392,68,41,65,45,65,49
2017-06-21 01:02:16,76.371,67,40,65,44,65,49
2017-06-21 01:04:17,67.271,67,40,65,44,65,49
2017-06-21 01:06:17,76.304,68,40,66,44,66,49
2017-06-21 01:08:17,76.278,68,41,66,45,66,49
2017-06-21 01:10:17,76.443,67,41,65,45,66,49
2017-06-21 01:12:17,76.405,67,40,65,44,65,49
2017-06-21 01:14:18,75.841,67,39,65,44,65,50
2017-06-21 01:16:18,75.007,68,41,66,44,66,48
2017-06-21 01:18:18,76.424,67,41,65,44,66,49
2017-06-21 01:20:18,76.436,67,41,65,44,66,49
2017-06-21 01:22:18,75.006,67,40,66,44,65,48
2017-06-21 01:24:19,76.406,67,41,66,44,66,46
2017-06-21 01:26:19,68.632,67,41,65,44,66,46
2017-06-21 01:28:19,75.081,67,41,65,44,66,46
2017-06-21 01:30:19,75.829,67,41,65,44,66,46
2017-06-21 01:32:19,76.397,67,41,65,44,66,47
2017-06-21 01:34:20,76.437,67,41,65,44,66,47
2017-06-21 01:36:20,75.022,67,40,65,42,66,47
2017-06-21 01:38:20,76.409,67,40,65,42,66,47
2017-06-21 01:40:20,75.079,67,40,66,42,66,47
2017-06-21 01:42:20,75.736,67,41,66,42,67,47
2017-06-21 01:44:21,75.780,67,40,66,42,66,47
2017-06-21 01:46:21,76.448,67,41,66,42,66,46
2017-06-21 01:48:21,68.705,66,40,66,42,66,47
2017-06-21 01:50:22,74.976,66,40,66,43,66,47
2017-06-21 01:52:22,75.793,67,40,66,43,66,46
2017-06-21 01:54:22,76.459,66,40,66,43,66,47
2017-06-21 01:56:23,76.399,66,41,66,42,66,46
2017-06-21 01:58:23,76.419,66,41,66,43,66,46
2017-06-21 02:00:23,76.482,66,41,66,42,66,47
2017-06-21 02:02:23,76.346,66,41,66,42,65,46
2017-06-21 02:04:24,75.010,66,41,65,43,66,46
2017-06-21 02:06:24,76.442,66,41,65,42,65,47
2017-06-21 02:08:24,76.464,66,41,65,42,65,46
2017-06-21 02:10:24,75.595,66,40,65,42,65,47
2017-06-21 02:12:24,76.427,66,40,65,42,65,46
2017-06-21 02:14:25,76.427,66,42,65,42,65,46
2017-06-21 02:16:26,76.344,66,41,65,42,65,46
2017-06-21 02:18:26,76.432,66,40,65,42,65,46
2017-06-21 02:20:27,76.454,66,41,65,41,66,46
2017-06-21 02:22:27,76.418,66,40,65,41,66,46
2017-06-21 02:24:27,76.392,66,41,65,41,66,46
2017-06-21 02:26:27,75.730,66,40,66,42,66,47
2017-06-21 02:28:27,74.984,66,40,66,41,66,47
2017-06-21 02:30:28,76.492,66,41,66,42,66,46
2017-06-21 02:32:28,76.449,66,41,66,41,66,46
2017-06-21 02:34:28,76.169,66,41,66,41,66,46
2017-06-21 02:36:28,76.421,66,41,66,41,65,46
2017-06-21 02:38:28,76.310,66,41,66,41,65,46
2017-06-21 02:40:29,68.664,66,41,64,35,65,45
2017-06-21 02:42:29,75.006,65,40,66,52,69,46
2017-06-21 02:44:30,76.443,65,41,66,36,65,50
2017-06-21 02:46:30,76.345,65,41,68,36,66,43
2017-06-21 02:48:30,75.814,65,41,67,39,67,43
2017-06-21 02:50:30,76.399,65,41,67,39,68,43
2017-06-21 02:52:30,76.429,65,40,66,39,67,44
2017-06-21 02:54:30,74.712,65,41,66,39,68,44
2017-06-21 02:56:31,76.368,65,40,66,39,67,44
2017-06-21 02:58:31,76.379,65,41,67,39,67,43
2017-06-21 03:00:31,76.452,65,40,66,39,67,44
2017-06-21 03:02:31,76.446,65,40,66,39,67,43
2017-06-21 03:04:32,75.806,65,41,67,39,67,44
2017-06-21 03:06:32,75.856,65,40,66,39,67,43
2017-06-21 03:08:32,76.432,65,41,66,39,67,43
2017-06-21 03:10:32,76.350,65,40,66,39,67,44
2017-06-21 03:12:33,75.819,65,41,66,39,67,43
2017-06-21 03:14:33,76.436,65,40,66,39,67,43
2017-06-21 03:16:33,76.374,65,40,66,40,67,44
2017-06-21 03:18:33,75.037,65,40,66,39,67,44
2017-06-21 03:20:34,76.392,65,40,66,39,67,44
2017-06-21 03:22:34,76.396,65,40,66,39,67,44
2017-06-21 03:24:35,76.383,65,40,66,39,67,44
2017-06-21 03:26:35,76.432,65,41,66,39,67,43
2017-06-21 03:28:40,76.368,65,41,66,39,67,44
2017-06-21 03:30:46,76.443,65,40,66,39,67,43
2017-06-21 03:32:46,76.402,65,40,66,39,67,44
2017-06-21 03:34:46,76.411,65,39,66,39,67,44
2017-06-21 03:36:46,76.388,66,39,66,39,67,44
2017-06-21 03:38:47,75.051,66,39,66,39,67,44
2017-06-21 03:40:47,75.748,66,39,66,40,67,44
2017-06-21 03:42:47,76.432,66,39,66,39,67,44
2017-06-21 03:44:47,76.398,66,39,66,39,67,44
2017-06-21 03:46:47,76.393,66,39,66,39,67,44
2017-06-21 03:48:47,75.810,66,39,66,39,67,44
2017-06-21 03:50:48,76.350,66,40,66,39,67,44
2017-06-21 03:52:48,76.401,66,40,66,39,67,43
2017-06-21 03:54:49,76.398,66,39,65,39,67,44
2017-06-21 03:56:50,76.386,66,40,66,39,67,43
2017-06-21 03:58:50,76.449,66,40,66,39,67,43
2017-06-21 04:00:50,75.006,66,39,66,39,67,43
2017-06-21 04:02:50,75.777,66,39,66,39,67,44
2017-06-21 04:04:50,76.326,66,39,66,39,68,44
2017-06-21 04:06:51,76.454,66,40,66,39,68,43
2017-06-21 04:08:51,76.413,66,39,66,39,67,44
2017-06-21 04:10:51,75.544,66,39,66,39,68,44
2017-06-21 04:12:51,74.985,65,39,66,39,67,44
2017-06-21 04:14:52,76.406,65,39,66,39,67,44
2017-06-21 04:16:52,76.404,65,39,66,39,67,44
2017-06-21 04:18:53,75.843,65,39,66,39,67,44
2017-06-21 04:20:53,76.437,65,40,66,39,67,43
2017-06-21 04:22:53,76.421,65,40,66,39,67,43
2017-06-21 04:24:53,75.028,65,40,65,39,66,43
2017-06-21 04:26:54,76.357,65,39,65,39,66,43
2017-06-21 04:28:54,76.285,65,39,66,39,67,44
2017-06-21 04:30:54,76.359,65,39,66,39,67,44
2017-06-21 04:32:54,76.383,66,41,65,39,67,43
2017-06-21 04:34:54,75.764,65,40,66,39,66,43
2017-06-21 04:36:54,75.019,65,40,65,39,66,43
2017-06-21 04:38:56,75.588,65,40,65,39,66,43
2017-06-21 04:40:57,76.386,65,40,65,39,66,43
2017-06-21 04:42:57,76.415,65,40,65,39,66,43
2017-06-21 04:44:58,75.844,65,40,65,39,66,43
2017-06-21 04:46:58,74.706,65,40,66,39,66,43
2017-06-21 04:48:58,76.415,65,37,65,39,66,43
2017-06-21 04:50:58,76.470,66,37,65,39,67,44
2017-06-21 04:52:59,76.416,67,37,65,39,67,43
2017-06-21 04:54:59,76.407,67,37,66,39,66,43
2017-06-21 04:56:59,68.652,66,37,65,39,67,44
2017-06-21 04:58:59,75.034,67,37,65,39,66,44
2017-06-21 05:00:59,75.836,67,37,65,39,67,44
2017-06-21 05:02:59,76.388,67,37,65,39,67,44
2017-06-21 05:05:00,76.428,67,37,65,39,67,43
2017-06-21 05:07:00,75.620,66,37,65,39,66,43
2017-06-21 05:09:01,76.418,67,38,66,39,66,43
2017-06-21 05:11:01,76.428,67,37,66,39,65,43
2017-06-21 05:13:01,75.815,67,38,65,37,66,43
2017-06-21 05:15:01,76.404,66,38,66,37,66,43
2017-06-21 05:17:01,76.434,67,37,66,37,66,43
2017-06-21 05:19:02,76.421,67,37,66,37,66,43
2017-06-21 05:21:02,74.961,67,37,67,37,66,43
2017-06-21 05:23:02,76.411,67,37,67,37,67,44
2017-06-21 05:25:02,76.458,67,37,67,38,67,44
2017-06-21 05:27:03,76.277,68,37,67,38,67,43
2017-06-21 05:29:03,76.379,68,36,67,37,68,43
2017-06-21 05:31:03,76.395,68,37,68,37,68,43
2017-06-21 05:33:03,75.789,65,44,68,37,68,44
2017-06-21 05:35:04,76.415,66,35,68,37,68,43
2017-06-21 05:37:04,76.390,68,35,68,38,67,43
2017-06-21 05:39:04,76.407,68,37,67,37,66,43
2017-06-21 05:41:04,76.419,67,37,67,37,67,43
2017-06-21 05:43:05,76.448,67,37,67,37,67,43
2017-06-21 05:45:05,76.450,67,38,67,37,67,43
2017-06-21 05:47:05,76.439,67,38,67,37,66,43
2017-06-21 05:49:05,76.495,67,38,67,37,66,43
2017-06-21 05:51:06,76.389,67,37,67,37,66,43
2017-06-21 05:53:06,76.333,67,37,67,37,67,44
2017-06-21 05:55:06,68.054,67,37,67,37,67,44
2017-06-21 05:57:06,68.705,68,37,67,37,67,44
2017-06-21 05:59:06,76.417,67,37,67,37,67,43
2017-06-21 06:01:07,76.391,67,37,67,37,66,43
2017-06-21 06:03:07,76.432,67,37,67,37,67,43
2017-06-21 06:05:07,76.421,67,38,67,37,67,43
2017-06-21 06:07:07,74.406,67,38,68,37,66,43
2017-06-21 06:09:08,76.426,67,38,67,37,67,43
2017-06-21 06:11:08,76.410,67,37,67,37,67,43
2017-06-21 06:13:09,76.434,67,37,67,37,67,43
2017-06-21 06:15:09,76.448,67,37,68,37,67,43
2017-06-21 06:17:09,75.850,68,37,68,37,67,43
2017-06-21 06:19:13,76.477,68,37,68,37,67,43
2017-06-21 06:21:14,76.366,68,37,68,37,67,44
2017-06-21 06:23:14,76.381,67,37,67,37,67,44
2017-06-21 06:25:14,75.851,67,37,67,37,67,43
2017-06-21 06:27:15,74.361,67,37,67,37,67,43
2017-06-21 06:29:15,76.430,68,37,67,37,67,43
2017-06-21 06:31:15,76.426,68,37,67,37,67,44
2017-06-21 06:33:16,76.391,68,37,67,37,67,44
2017-06-21 06:35:16,76.413,68,37,68,37,67,43
2017-06-21 06:37:16,76.437,68,37,68,37,67,44
2017-06-21 06:39:20,75.062,69,36,68,41,68,45
2017-06-21 06:41:20,76.403,66,44,64,42,68,43
2017-06-21 06:43:20,75.868,64,41,65,40,68,43
2017-06-21 06:45:21,76.261,65,41,65,40,68,43
2017-06-21 06:47:21,76.443,65,40,66,40,68,44
2017-06-21 06:49:21,75.808,65,41,66,40,68,43
2017-06-21 06:51:23,76.402,66,40,66,40,68,43
2017-06-21 06:53:23,76.346,65,40,65,40,68,44
2017-06-21 06:55:23,76.364,65,40,66,40,68,43
2017-06-21 06:57:24,76.391,65,41,66,40,68,43
2017-06-21 06:59:25,76.396,65,40,66,41,68,44
2017-06-21 07:01:25,74.951,66,41,66,41,68,43
2017-06-21 07:03:25,75.687,66,41,66,41,68,43
2017-06-21 07:05:25,75.680,66,40,66,41,68,44
2017-06-21 07:07:26,76.293,66,40,67,41,68,43
2017-06-21 07:09:26,75.739,66,40,66,40,69,44
2017-06-21 07:11:26,75.966,66,40,66,40,67,47
2017-06-21 07:13:26,76.405,66,40,66,41,66,47
2017-06-21 07:15:27,76.445,66,42,67,40,66,46
2017-06-21 07:17:27,76.385,66,41,67,40,66,46
2017-06-21 07:19:27,76.388,66,40,67,40,66,47
2017-06-21 07:21:27,75.857,66,41,66,40,66,47
2017-06-21 07:23:27,76.477,66,41,67,41,66,47
2017-06-21 07:25:28,75.817,66,41,66,40,66,46
2017-06-21 07:27:28,76.386,66,40,66,41,66,47
2017-06-21 07:29:28,76.423,66,41,66,40,66,46
2017-06-21 07:31:29,76.447,66,41,66,41,66,47
2017-06-21 07:33:29,76.433,66,40,67,40,67,47
2017-06-21 07:35:29,76.409,66,40,67,40,67,47
2017-06-21 07:37:29,74.417,67,40,67,40,66,47
2017-06-21 07:39:29,74.188,66,41,67,40,67,46
2017-06-21 07:41:30,75.854,67,40,67,41,67,47
2017-06-21 07:43:30,76.438,67,40,67,40,67,47
2017-06-21 07:45:30,76.446,67,40,68,40,68,47
2017-06-21 07:47:30,76.448,67,40,68,40,68,48
2017-06-21 07:49:31,76.446,67,41,68,40,67,47
2017-06-21 07:51:31,76.405,67,41,68,40,67,46
2017-06-21 07:53:31,75.870,67,40,68,40,68,47
2017-06-21 07:55:31,76.393,67,40,68,40,68,47
2017-06-21 07:57:32,76.381,67,40,68,42,68,47
2017-06-21 07:59:32,75.024,68,40,68,42,68,48
2017-06-21 08:01:32,76.248,68,40,68,42,67,50
2017-06-21 08:03:32,68.243,68,40,66,42,67,50
2017-06-21 08:05:33,76.366,68,39,67,42,67,51
2017-06-21 08:07:33,76.395,68,40,68,42,67,50
2017-06-21 08:09:33,75.994,68,40,68,42,67,50
2017-06-21 08:11:33,76.008,68,40,68,45,66,50
2017-06-21 08:13:33,76.421,68,44,67,45,67,50
2017-06-21 08:15:34,76.425,66,43,67,45,67,50
2017-06-21 08:17:34,75.989,66,42,67,45,67,51
2017-06-21 08:19:34,75.833,66,42,67,45,67,51
2017-06-21 08:21:34,75.023,66,43,66,45,67,50
2017-06-21 08:23:34,75.977,66,44,67,45,67,49
2017-06-21 08:25:35,76.304,66,43,66,45,67,50
2017-06-21 08:27:35,76.391,66,43,66,45,67,50
2017-06-21 08:29:35,76.400,65,43,67,45,66,50
2017-06-21 08:31:35,76.482,65,40,67,45,66,50
2017-06-21 08:33:35,74.981,66,40,67,45,66,50
2017-06-21 08:35:36,75.777,67,39,67,45,66,51
2017-06-21 08:37:36,76.357,67,40,67,45,66,51
2017-06-21 08:39:36,76.404,67,40,67,45,66,50
2017-06-21 08:41:36,76.405,68,39,68,45,66,51
2017-06-21 08:43:36,76.440,68,40,68,45,66,50
2017-06-21 08:45:37,76.425,67,43,67,45,67,51
2017-06-21 08:47:37,76.395,66,42,68,45,66,51
2017-06-21 08:49:37,76.422,66,43,68,45,67,51
2017-06-21 13:15:43,76.436,67,44,68,52,67,56
2017-06-21 13:17:05,76.445,67,44,68,53,67,56
2017-06-21 13:19:06,75.012,66,44,67,52,66,55
2017-06-21 13:21:06,74.916,67,44,68,53,67,55
2017-06-21 13:23:07,76.285,67,44,67,53,66,56
2017-06-21 13:25:07,76.399,67,44,68,53,66,55
2017-06-21 13:27:07,76.378,67,44,67,53,66,55
2017-06-21 13:29:07,76.241,66,44,67,53,66,55
2017-06-21 13:31:07,76.394,66,44,67,53,67,55
2017-06-21 13:33:08,75.773,67,44,68,53,67,56
2017-06-21 13:35:08,73.806,67,43,68,53,67,56
2017-06-21 13:37:08,75.239,66,45,65,53,66,55
2017-06-21 13:39:08,75.939,66,44,67,52,67,55
2017-06-21 13:41:08,76.385,66,44,67,53,67,55
2017-06-21 13:43:09,76.313,66,44,67,53,67,55
2017-06-21 13:45:09,76.460,65,44,67,53,67,55
2017-06-21 13:47:09,75.091,65,44,67,53,66,55
2017-06-21 13:49:09,76.385,66,44,67,53,67,55
2017-06-21 13:51:09,75.799,66,44,67,53,67,56
2017-06-21 13:53:09,76.376,66,44,67,53,67,55
2017-06-21 13:55:10,76.441,66,45,67,53,66,55
2017-06-21 13:57:10,75.835,67,44,67,52,67,56
2017-06-21 13:59:10,75.053,66,44,67,53,67,55
2017-06-21 14:01:10,76.458,67,44,67,53,67,55
2017-06-21 14:03:10,76.429,66,43,67,53,67,55
2017-06-21 14:05:10,75.810,66,44,67,53,67,55
2017-06-21 14:07:11,76.413,66,44,67,53,67,56
2017-06-21 14:09:11,76.219,65,43,67,52,67,55
2017-06-21 14:11:11,76.415,66,44,67,53,67,55
2017-06-21 14:13:12,75.867,67,44,67,52,67,56
2017-06-21 14:15:12,76.396,67,44,67,53,67,55
2017-06-21 14:17:12,76.230,66,44,67,53,67,55
2017-06-21 14:19:12,76.396,66,44,67,53,67,56
2017-06-21 14:21:13,76.381,66,44,67,53,67,55
2017-06-21 14:23:13,75.062,66,44,67,53,67,55
2017-06-21 14:25:14,76.381,66,44,67,53,67,55
2017-06-21 14:27:14,75.819,66,44,67,53,67,55
2017-06-21 14:29:14,76.407,66,44,67,53,67,55
2017-06-21 14:31:14,74.973,66,44,67,52,67,55
2017-06-21 14:33:15,76.451,66,44,67,52,67,56
2017-06-21 14:35:15,75.387,66,44,67,53,67,55
2017-06-21 14:37:15,75.129,67,44,67,53,67,55
2017-06-21 14:39:15,76.396,66,44,67,52,67,55
2017-06-21 14:41:15,76.424,66,44,67,53,67,56
2017-06-21 14:43:15,75.721,66,44,67,53,67,55
2017-06-21 14:45:16,76.384,66,44,68,53,67,56
2017-06-21 14:47:16,75.083,67,45,67,53,67,56
2017-06-21 14:49:16,76.419,66,43,67,53,67,56
2017-06-21 14:51:16,76.342,67,44,68,53,67,55
2017-06-21 14:53:16,76.425,66,44,68,53,67,55
2017-06-21 14:55:16,76.429,68,44,68,53,68,55
2017-06-21 14:57:16,76.384,67,44,68,53,67,55
2017-06-21 14:59:17,75.007,67,44,67,53,67,56
2017-06-21 15:01:17,76.449,66,44,67,53,67,55
2017-06-21 15:03:17,75.721,66,43,67,53,67,55
2017-06-21 15:05:17,75.762,67,43,68,53,67,55
2017-06-21 15:07:17,76.347,67,44,68,53,67,56
2017-06-21 15:09:18,76.360,66,44,67,53,67,56
2017-06-21 15:11:18,76.408,66,44,68,53,67,56
2017-06-21 15:13:18,76.396,67,44,68,53,67,55
2017-06-21 15:15:18,75.974,67,45,68,53,67,55
2017-06-21 15:17:19,76.411,66,44,68,53,67,55
2017-06-21 15:19:19,76.371,66,44,68,53,67,55
2017-06-21 15:21:19,76.444,66,44,68,53,67,55
2017-06-21 15:23:19,76.379,66,44,68,53,67,55
2017-06-21 15:25:19,76.443,66,44,68,52,67,55
2017-06-21 15:27:20,75.819,66,44,68,52,67,55
2017-06-21 15:29:20,76.420,67,45,68,53,68,55
2017-06-21 15:31:20,76.267,66,44,68,53,67,55
2017-06-21 15:33:20,76.409,67,44,68,53,67,56
2017-06-21 15:35:20,76.358,66,44,68,53,67,56
2017-06-21 15:37:20,76.441,66,43,68,53,68,55
2017-06-21 15:39:21,76.426,66,44,68,53,67,55
2017-06-21 15:41:21,76.304,66,44,68,53,67,55
2017-06-21 15:43:21,75.841,66,45,68,53,67,55
2017-06-21 15:45:22,76.449,67,45,68,53,67,55
2017-06-21 15:47:22,68.607,66,44,68,53,67,55
2017-06-21 15:49:22,76.450,67,43,67,53,67,55
2017-06-21 15:51:22,76.271,67,44,68,53,67,55
2017-06-21 15:53:22,68.622,66,44,68,53,67,55
2017-06-21 15:55:22,68.642,65,44,67,53,67,55
2017-06-21 15:57:23,76.391,68,47,68,53,67,56
2017-06-21 15:59:23,76.243,65,47,68,53,68,56
2017-06-21 16:01:23,76.412,64,47,68,53,67,56
2017-06-21 16:03:23,76.424,68,41,68,53,67,55
2017-06-21 16:05:23,75.784,67,47,68,53,67,55
2017-06-21 16:07:24,76.379,65,47,68,52,67,55
2017-06-21 16:09:24,76.346,65,47,68,53,67,55
2017-06-21 16:11:25,75.866,65,47,68,52,68,55
2017-06-21 16:13:25,76.482,65,44,68,53,68,55
2017-06-21 16:15:25,76.406,66,44,68,53,67,55
2017-06-21 16:17:25,76.454,67,44,68,52,68,55
2017-06-21 16:19:26,76.409,67,44,68,53,67,56
2017-06-21 16:21:26,74.475,67,44,68,53,67,55
2017-06-21 16:23:26,76.413,68,44,68,53,68,55
2017-06-21 16:25:26,76.386,67,44,68,53,68,56
2017-06-21 16:27:26,76.366,67,45,68,53,68,55
2017-06-21 16:29:27,76.422,67,44,68,52,67,55
2017-06-21 16:31:27,76.424,68,43,68,53,68,55
2017-06-21 16:33:27,75.000,67,44,68,53,67,56
2017-06-21 16:35:27,76.366,67,44,68,53,68,55
2017-06-21 16:37:27,69.086,67,44,68,53,66,55
2017-06-21 16:39:27,76.402,67,44,68,52,67,54
2017-06-21 16:41:28,76.440,66,44,68,52,68,54
2017-06-21 16:43:28,76.445,66,43,68,53,68,55
2017-06-21 16:45:28,76.440,67,44,68,52,68,54
2017-06-21 16:47:28,76.372,67,44,68,52,68,54
2017-06-21 16:49:29,75.086,67,44,68,52,68,55
2017-06-21 16:51:29,76.436,67,44,68,53,68,55
2017-06-21 16:53:29,75.838,68,44,68,53,68,54
2017-06-21 16:55:29,76.475,67,44,68,53,68,55
2017-06-21 16:57:29,76.435,68,44,68,54,68,54
2017-06-21 16:59:29,75.850,67,44,68,53,68,54
2017-06-21 17:01:29,76.450,67,44,68,53,68,55
2017-06-21 17:03:30,76.393,67,45,68,53,68,54
2017-06-21 17:05:30,76.386,67,44,68,53,68,54
2017-06-21 17:07:30,76.420,67,44,68,53,68,54
2017-06-21 17:09:30,75.831,67,43,68,53,68,55
2017-06-21 17:11:30,74.793,66,44,68,53,68,55
2017-06-21 17:13:30,76.387,67,43,68,53,68,54
2017-06-21 17:15:31,76.429,66,44,68,52,68,54
2017-06-21 17:17:31,76.441,67,44,68,55,68,55
2017-06-21 17:19:32,76.317,67,43,67,55,68,55
2017-06-21 17:21:32,74.385,67,44,67,55,68,54
2017-06-21 17:23:32,75.808,67,44,67,55,68,55
2017-06-21 17:25:32,76.465,67,44,67,55,68,54
2017-06-21 17:27:33,76.407,67,44,67,55,68,55
2017-06-21 17:29:33,76.402,66,44,67,55,68,55
2017-06-21 17:31:33,75.857,66,44,67,55,67,54
2017-06-21 17:33:33,74.948,66,44,67,55,67,55
2017-06-21 17:35:33,76.370,67,44,67,55,67,55
2017-06-21 17:37:33,75.212,67,44,67,55,68,55
2017-06-21 17:39:34,76.441,66,44,67,55,67,55
2017-06-21 17:41:34,76.410,66,45,67,55,68,54
2017-06-21 17:43:34,76.441,67,44,67,55,68,55
2017-06-21 17:45:34,74.987,67,44,67,55,68,54
2017-06-21 17:47:34,76.379,67,44,67,55,67,54
2017-06-21 17:49:34,76.416,67,44,67,55,68,55
2017-06-21 17:51:35,76.373,67,45,67,55,68,54
2017-06-21 17:53:36,75.811,68,44,67,55,68,56
2017-06-21 17:55:36,76.391,67,44,67,55,68,57
2017-06-21 17:57:36,76.455,67,44,67,55,67,56
2017-06-21 17:59:36,75.005,67,45,67,55,68,54
2017-06-21 18:01:36,76.264,68,47,66,56,68,56
2017-06-21 18:03:37,76.441,67,53,68,87,67,57
2017-06-21 18:05:37,75.890,68,53,67,87,67,56
2017-06-21 18:07:37,76.397,68,53,67,87,67,57
2017-06-21 18:09:37,75.774,68,53,67,87,67,56
2017-06-21 18:11:37,69.774,68,53,67,86,66,57
2017-06-21 18:13:38,76.375,68,53,67,86,66,57
2017-06-21 18:15:38,76.385,68,53,67,86,66,57
2017-06-21 18:17:38,76.415,68,53,67,86,66,57
2017-06-21 18:19:38,76.407,68,53,67,86,66,57
2017-06-21 18:21:39,76.299,68,53,67,87,67,57
2017-06-21 18:23:39,76.380,68,53,67,86,66,57
2017-06-21 18:25:39,76.417,68,53,67,86,66,57
2017-06-21 18:27:39,76.408,68,53,67,86,67,57
2017-06-21 18:32:35,75.738,68,53,67,86,66,57
2017-06-21 18:34:35,76.435,68,53,67,86,66,57
2017-06-21 18:36:35,76.403,68,53,67,86,66,57
2017-06-21 18:38:35,76.413,68,53,67,86,66,57
2017-06-21 18:40:36,76.392,68,53,67,86,66,57
2017-06-21 18:42:36,76.387,68,54,67,86,66,57
2017-06-21 18:44:36,76.416,68,53,67,86,66,57
2017-06-21 18:46:36,76.167,68,53,67,86,66,57
2017-06-21 18:48:36,75.826,67,53,67,86,66,56
2017-06-21 18:50:37,75.652,68,53,67,86,66,57
2017-06-21 18:52:37,76.365,68,53,67,86,66,57
2017-06-21 18:54:37,75.069,68,53,67,86,66,57
2017-06-21 18:56:38,76.408,68,53,68,86,67,57
2017-06-21 18:58:38,76.418,68,53,67,86,67,57
2017-06-21 19:00:38,76.418,68,53,67,86,66,57
2017-06-21 19:02:39,76.474,68,53,68,86,66,57
2017-06-21 19:04:39,76.322,68,53,67,86,67,57
2017-06-21 19:06:40,75.833,68,53,67,86,67,57
2017-06-21 19:08:40,76.414,68,55,67,86,67,57
2017-06-21 19:10:41,76.416,67,55,67,86,66,57
2017-06-21 19:12:41,76.294,67,55,67,86,67,57
2017-06-21 19:14:42,76.456,67,55,67,86,66,57
2017-06-21 19:16:42,75.035,67,55,67,86,66,57
2017-06-21 19:18:42,76.273,67,55,67,86,66,57
2017-06-21 19:20:42,75.864,67,55,67,86,66,57
2017-06-21 19:22:43,75.688,67,55,67,86,66,57
2017-06-21 19:24:43,76.452,67,55,67,86,66,57
2017-06-21 19:26:43,75.042,67,55,67,86,66,57
2017-06-21 19:28:43,76.397,67,55,67,86,66,57
2017-06-21 19:30:43,76.437,67,55,67,86,66,57
2017-06-21 19:32:43,76.158,67,55,67,86,66,57
2017-06-21 19:34:44,76.391,67,55,67,86,66,57
2017-06-21 19:36:44,68.652,66,55,67,86,66,57
2017-06-21 19:38:44,75.047,67,55,67,86,66,57
2017-06-21 19:40:44,76.438,67,55,67,86,66,57
2017-06-21 19:43:09,76.414,67,55,67,86,66,57
2017-06-21 19:44:45,76.346,67,55,67,86,66,57
2017-06-21 19:46:45,75.808,66,55,66,86,66,57
2017-06-21 19:48:45,76.391,67,55,66,86,66,57
2017-06-21 19:50:46,74.941,66,55,67,86,66,57
2017-06-21 19:52:46,76.390,66,55,66,86,66,57
2017-06-21 19:54:46,75.816,66,55,66,86,66,57
2017-06-21 19:56:46,76.394,66,55,67,86,66,57
2017-06-21 19:58:46,76.397,66,55,67,86,66,57
2017-06-21 20:00:47,76.322,66,55,67,86,66,57
2017-06-21 20:02:47,75.785,67,55,67,86,66,57
2017-06-21 20:04:49,76.407,66,55,67,86,66,57
